<?xml version="1.0" encoding="UTF-8"?>
<beans xmlns="http://www.springframework.org/schema/beans"
	xmlns:xsi="http://www.w3.org/2001/XMLSchema-instance"
	xmlns:mvc="http://www.springframework.org/schema/mvc"
	xmlns:context="http://www.springframework.org/schema/context"
	xmlns:jdbc="http://www.springframework.org/schema/jdbc"
	xsi:schemaLocation="http://www.springframework.org/schema/jdbc http://www.springframework.org/schema/jdbc/spring-jdbc-4.3.xsd
		http://www.springframework.org/schema/mvc http://www.springframework.org/schema/mvc/spring-mvc-4.3.xsd
		http://www.springframework.org/schema/beans http://www.springframework.org/schema/beans/spring-beans.xsd
		http://www.springframework.org/schema/context http://www.springframework.org/schema/context/spring-context-4.3.xsd">

<context:component-scan base-package="com.javaEdu.myapp.hr.controller"/>
   <mvc:annotation-driven />

   <bean id="jacksonMessageConverter" class="org.springframework.http.converter.json.MappingJackson2HttpMessageConverter"/>
   <bean class="org.springframework.web.servlet.view.InternalResourceViewResolver">
      <property name="prefix" value="/WEB-INF/views/" />
      <property name="suffix" value=".jsp" />
   </bean>
   
   <mvc:view-controller path="/" view-name="home"/>
   
   <mvc:resources location="/resources/" mapping="/**"/>
   <mvc:resources location="/resources/images/" mapping="/images/**"/>
   <mvc:resources location="/resources/js/" mapping="/js/**"/>
   <mvc:resources location="/resources/css/" mapping="/css/**"/>
   
   <!-- <bean id="exceptionResolver" class="org.springframework.web.servlet.handler.SimpleMappingExceptionResolver">
     <property name="exceptionMappings">
     <props>
     <prop key="java.lang.RuntimeException">
     error/runtime
     </prop>
     </props>
     </property>
     <property name="defaultErrorView" value="error/default">
     </property>
   </bean>   -->
</beans> 
